<Customization level="1" description="Customer Price Class On Order ()">
    <File AppRelativePath="Bin\PX.Objects.Delta.dll" />
    <Sql TableName="SOOrderDAExtension" TableSchemaXml="#CDATA">
        <CDATA name="TableSchemaXml"><![CDATA[<table name="SOOrderDAExtension">
  <col name="CompanyID" type="Int" default="Zero" />
  <col name="OrderType" type="Char(2)" />
  <col name="OrderNbr" type="NVarChar(15)" />
  <col name="DAPriceClassID" type="NVarChar(10)" nullable="true" />
  <index name="SOOrderDAExtension_PK" clustered="true" primary="true" unique="true">
    <col name="CompanyID" />
    <col name="OrderType" />
    <col name="OrderNbr" />
  </index>
</table>]]></CDATA>
    </Sql>
</Customization>